,linear_p1,poly_p1,rbf_p1
0,47.11111111111111,54.22222222222223,76.0
