,linear_p2,poly_p2,rbf_p2
0,64.54545454545455,64.0909090909091,86.81818181818181
